{
	"powers": [
		"moborigins:wolf_body",
           "moborigins:wolf_pack",
           "moborigins:full_moon",
           "wolfy:wolf_speed",
           "wolfy:wolf_strength",
           "wolfy:fire_damage",
           "wolfy:blast_damage",
           "origins:carnivore",
           "wolfy:beef",
           "wolfy:steak",
           "wolfy:mutton",
           "wolfy:cooked_mutton",
           "wolfy:pork",
           "wolfy:cooked_pork",
           "origins:translucent",
           "origins:phantomize",
           "origins:phantomize_overlay",
           "origins:invisibility",
           "origins:phasing"
	],
	"icon": "minecraft:bone",
	"order": 10,
	"impact": 3,
	"name": "spirit_wolf",
	"description": "These creatures are the descendants of the wolfs. Magical creatures who now possess power greater than any other living beings..."
}
