{
  "type": "apoli:conditioned_attribute",
  "modifiers": [
    {
      "attribute": "generic.movement_speed",
      "operation": "addition",
      "value": 0.07,
      "name": "full moon wolf bonus"
    },
    {
      "attribute": "generic.max_health",
      "operation": "addition",
      "value": 4.0,
      "name": "full moon wolf bonus"
    },
    {
      "attribute": "generic.attack_damage",
      "operation": "addition",
      "value": 2.0,
      "name": "full moon wolf bonus"
    }
  ],
  "condition": {
    "type": "apoli:and",
    "conditions": [
      {
        "type": "apoli:daytime",
        "inverted": true
      },
      {
        "type": "moborigins:is_full_moon"
      }
    ]
  }
}