{
  "type": "apoli:conditioned_attribute",
  "modifiers":[
    {
      "attribute": "minecraft:generic.movement_speed",
      "operation": "addition",
      "value": 0.04,
      "name": "wolf pack bonus"
    },
    {
      "attribute": "minecraft:generic.attack_damage",
      "operation": "addition",
      "value": 2,
      "name": "wolf pack bonus"
    }
  ],
  "condition": {
    "type": "moborigins:nearby_entities",
    "entity_type": "minecraft:wolf",
    "player_box_multiplier": 10.0,
    "comparison": ">=",
    "compare_to": 4
  }
}